{
  "$schema": "https://developer.microsoft.com/en-us/json-schemas/teams/v1.5/MicrosoftTeams.schema.json",
  "name.short": "Suporte Remoto - Especialista",
  "description.short": "Bot da equipe de esp. para lidar com solicitações e definir os esp. em chamada.",
  "description.full": "Gerencie a solicitação de suporte e configure os especialistas em chamada na equipe. Pesquise solicitações urgentes, atribuídas e não atribuídas diretamente da equipe de especialistas.",
  "bots[0].commandLists[0].commands[0].title": "Lista de especialistas",
  "bots[0].commandLists[0].commands[0].description": "Lista de especialistas em chamada",
  "composeExtensions[0].commands[0].title": "Urgente",
  "composeExtensions[0].commands[0].description": "Pesquisar pedidos urgentes",
  "composeExtensions[0].commands[0].parameters[0].title": "Pesquisar",
  "composeExtensions[0].commands[0].parameters[0].description": "Pedidos de pesquisa",
  "composeExtensions[0].commands[1].title": "Atribuída",
  "composeExtensions[0].commands[1].description": "Solicitações de pesquisa atribuídas a um especialista",
  "composeExtensions[0].commands[1].parameters[0].title": "Pesquisar",
  "composeExtensions[0].commands[1].parameters[0].description": "Pedidos de pesquisa",
  "composeExtensions[0].commands[2].title": "Não atribuída",
  "composeExtensions[0].commands[2].description": "Pesquisa solicitações não atribuídas que ainda não foram atribuídas a um especialista",
  "composeExtensions[0].commands[2].parameters[0].title": "Pesquisar",
  "composeExtensions[0].commands[2].parameters[0].description": "Pedidos de pesquisa"
}