{
  "$schema": "https://developer.microsoft.com/en-us/json-schemas/teams/v1.5/MicrosoftTeams.schema.json",
  "name.short": "Support à distance",
  "description.short": "Aide à demander un support et à mettre rapidement en relation avec des experts",
  "description.full": "Demandez rapidement le support à distance. Recherchez parmi les demandes et faites-les remonter aux experts disponibles via la conversation de groupe en cas de demandes urgentes.",
  "bots[0].commandLists[0].commands[0].title": "Nouvelle demande",
  "bots[0].commandLists[0].commands[0].description": "Effectuez une demande auprès de l’équipe disponible",
  "composeExtensions[0].commands[0].title": "Actives",
  "composeExtensions[0].commands[0].description": "Recherchez parmi les demandes actives",
  "composeExtensions[0].commands[0].parameters[0].title": "Rechercher",
  "composeExtensions[0].commands[0].parameters[0].description": "Recherchez parmi les demandes",
  "composeExtensions[0].commands[1].title": "Closes",
  "composeExtensions[0].commands[1].description": "Recherchez parmi les demandes closes",
  "composeExtensions[0].commands[1].parameters[0].title": "Rechercher",
  "composeExtensions[0].commands[1].parameters[0].description": "Recherchez parmi les demandes"
}