{
  "$schema": "https://developer.microsoft.com/en-us/json-schemas/teams/v1.5/MicrosoftTeams.schema.json",
  "name.short": "Удаленная поддержка",
  "description.short": "Помогает запрашивать поддержку и быстро связываться с экспертами",
  "description.full": "Быстро запрашивайте удаленную поддержку. Находите запросы и используйте эскалацию срочных запросов дежурным экспертам посредством группового чата.",
  "bots[0].commandLists[0].commands[0].title": "Новый запрос",
  "bots[0].commandLists[0].commands[0].description": "Создание запроса дежурной команде",
  "composeExtensions[0].commands[0].title": "Активно",
  "composeExtensions[0].commands[0].description": "Поиск активных запросов",
  "composeExtensions[0].commands[0].parameters[0].title": "Поиск",
  "composeExtensions[0].commands[0].parameters[0].description": "Поиск запросов",
  "composeExtensions[0].commands[1].title": "Закрыто",
  "composeExtensions[0].commands[1].description": "Поиск закрытых запросов",
  "composeExtensions[0].commands[1].parameters[0].title": "Поиск",
  "composeExtensions[0].commands[1].parameters[0].description": "Поиск запросов"
}